{
  "_generated": "Generated by SweetTooth, do not edit",
  "description": "Extension to enable port forwarding via SSH ",
  "gettext-domain": "portforwarding-extension@SJBERTRAND.github.com",
  "name": "Port Forwarding Extension",
  "settings-schema": "org.gnome.shell.extensions.portforwarding-extension@SJBERTRAND.github.com",
  "shell-version": [
    "45",
    "46",
    "47"
  ],
  "url": "https://github.com/SJBERTRAND/portforwarding-extension",
  "uuid": "portforwarding-extension@SJBERTRAND.github.com",
  "version": 4
}
