{
  "name": "Gnome SSH Port Forwarding Extension",
  "description": "Extension to enable port forwarding via SSH ",
  "uuid": "gnome-ssh-port-forwarding-extension@SJBERTRAND.github.com",
  "url": "https://github.com/SJBERTRAND/gnome-ssh-port-forwarding-extension",
  "gettext-domain": "gnome-ssh-port-forwarding-extension@SJBERTRAND.github.com",
  "settings-schema": "org.gnome.shell.extensions.gnome-ssh-port-forwarding-extension@SJBERTRAND.github.com",
  "shell-version": [
    "45","46"
  ],
   "version": 1
}
